{
    "1": [
        353.80161990239384,
        736.9103387888076,
        1026.4901685574114,
        1521.114101391983
    ],
    "10": [
        593.019740146023,
        1170.3807672001958
    ],
    "11": [
        395.1701670121944,
        717.1253814754248,
        1078.6505105654207,
        1454.564699519695,
        1790.908973847204
    ],
    "12": [
        292.64811547921045,
        754.8966636191556,
        1058.865553252038,
        1483.342819248252
    ],
    "13": [
        292.64811547921045,
        994.1147838627849,
        1709.9705121106376
    ],
    "14": [
        625.3951248406495
    ],
    "15": [
        1240.5274340385533,
        1718.9636745258117
    ],
    "16": [
        231.49461105602705,
        623.5964923576148,
        947.3503393038798,
        1139.8040149886042,
        1522.9127338750177
    ],
    "17": [
        519.2758083415961,
        927.5653819904969,
        1596.6566656794448
    ],
    "2": [
        468.91409881662145,
        1013.8997411761677
    ],
    "3": [
        271.06452568279275,
        929.3640144735318
    ],
    "4": [
        352.00298741935904,
        887.9954673637312,
        1400.605725028651
    ],
    "5": [
        418.5523892916469,
        1010.3024762100981,
        1567.8785459508879
    ],
    "6": [
        530.0676032398048,
        870.0091425333833,
        1512.120938976809
    ],
    "7": [
        449.1291415032386,
        727.9171763736335,
        1107.4286302939777
    ],
    "8": [],
    "9": [
        985.1216214476108,
        1754.9363241865078
    ],
    "18": [
        808.8556381101998,
        1260.3123913519362
    ]
}